title,channel,published_at,url,sentiment_score,sentiment_label
Basic of Digital marketing #digitalmarketing #seo #shorts,Mindology ,2025-12-04T11:59:28Z,https://www.youtube.com/watch?v=7Gab8UWXYo4,0.0,Neutral
Types Of Website You Must Know | Digtial Sandip Academy | Digital Marketing Institute,Digital Sandip Academy,2025-12-04T11:58:47Z,https://www.youtube.com/watch?v=TNUc5mdYGqM,0.0,Neutral
Socialwits | Digital marketing Agency,SocialWits,2025-12-04T11:47:22Z,https://www.youtube.com/watch?v=__m6EO9Sh2s,0.0,Neutral
Digital Marketing School Noida @DMPSchool #digitalmarketing #marketingschool #dmpschool #online,DMP School Noida,2025-12-04T11:34:41Z,https://www.youtube.com/watch?v=h1xmAYI_6MQ,0.0,Neutral
à¤•à¥‹à¤ˆ Average à¤†à¤¦à¤®à¥€ à¤¹à¥ˆ #digitalmarketing #à¤¶à¥‰à¤°à¥à¤Ÿ #Motivation #workoppotunity #digitalwork,@sunilsaini023,2025-12-04T11:30:12Z,https://www.youtube.com/watch?v=5z5GfiWlZV0,0.34,Positive
How to Use Digital Marketing for Your Business Growth? | Telugu,Chaitanya Nandigam | Marketer & Entrepreneur,2025-12-04T11:28:27Z,https://www.youtube.com/watch?v=4KIoQbp8Yog,0.3818,Positive
power of digital marketing,Jass Kaur,2025-12-04T11:25:07Z,https://www.youtube.com/watch?v=MYPbJIFqSPs,0.0,Neutral
Struggling to get instant leads in digital marketing?,Scope Technologies ,2025-12-04T11:22:39Z,https://www.youtube.com/watch?v=Gd8G7yAqdKI,-0.4215,Negative
Digital marketing and how to make money without money,Kam Smart Money Hub,2025-12-04T11:21:15Z,https://www.youtube.com/watch?v=VzPxK4gPEsU,0.0,Neutral
DO IT DIFFERENTLY | DIGITAL MARKETING AGENCY IN KERALA,Techpullers Team,2025-12-04T11:14:56Z,https://www.youtube.com/watch?v=Xl4hOQ4Yfhw,0.0,Neutral
SK digital Marketing,SK Digital Markrting,2025-12-04T10:58:55Z,https://www.youtube.com/watch?v=3TBI6xOc4Yc,0.0,Neutral
DIGITAL MARKETING WITH AI ph- 9747569878,CINEHIVE Academy,2025-12-04T10:50:16Z,https://www.youtube.com/watch?v=s81iqkn09TQ,0.0,Neutral
Video 18: Intro to Digital Marketing Analytics,InnoVistaOfficial,2025-12-04T10:48:39Z,https://www.youtube.com/watch?v=e_F74b_hx0E,0.0,Neutral
Best video production agency in Nepal - Sharda Production,Sharda Production Pvt Ltd,2025-12-04T10:45:06Z,https://www.youtube.com/watch?v=Kdo0T27cKrQ,0.6369,Positive
power of digital marketing,suman lally vlogs,2025-12-04T10:06:10Z,https://www.youtube.com/watch?v=bhYWgMPl6Tg,0.0,Neutral
"Vivid Visions.06 Digital Marketing, Facebook Ads Social Media Growth &amp; Creative Branding by Nashirul",Vivid Visions.06 Freelancer Nashirul,2025-12-04T09:43:11Z,https://www.youtube.com/watch?v=w4Y4ZfL1nOY,0.6705,Positive
#digitalmarketing #viral #market #publice #cr7 #neymar #messi #viralvideo,Shashi Das,2025-12-04T09:23:57Z,https://www.youtube.com/watch?v=LXk5fe8qqGE,0.0,Neutral
ğŸš€ Grow Your Business Online With Chitransh Digital Marketing Agency! #rewa #branding  #seo,Chitransh Digital marketing Agency,2025-12-04T09:18:55Z,https://www.youtube.com/watch?v=Fam_d-vE6Tg,0.0,Neutral
Digital Marketing is the door!,Ann Digital Hub,2025-12-04T09:17:16Z,https://www.youtube.com/watch?v=3x1PuwiF9Mc,0.0,Neutral
Video 1: What is Digital Marketing,InnoVistaOfficial,2025-12-04T09:08:57Z,https://www.youtube.com/watch?v=fcrpOqO585c,0.0,Neutral
YouTube Se Paise Kaise Kamate Hai? ğŸ’° Real Earning Trick | #shorts  #youtubetips,Tech Sudipta Malakar,2025-12-04T09:00:08Z,https://www.youtube.com/watch?v=3JEIiWkZ-v8,-0.0516,Negative
Digital Marketing Agency Driving Brand Growth &amp; Engagement  #digitalmarketing  #webdesign,Eye4Future,2025-12-04T08:54:44Z,https://www.youtube.com/watch?v=yhOoK8G3r6Q,0.6808,Positive
Want to Learn Digital Marketing? Start Here! ğŸš€ | VSM Scholars,VSM SCHOLARS,2025-12-04T08:55:09Z,https://www.youtube.com/watch?v=oScrY4N2DJs,0.1511,Positive
Sam&#39;s Store | Poster Making In Digital Marketing #shorts #digital #digitalmarketing,Sam's Store,2025-12-04T08:41:00Z,https://www.youtube.com/watch?v=4HZXPVXrZwk,0.0,Neutral
NextGenbySam | Poster Making In Digital Marketing #shorts  #digital #digitalmarketing,NextGenbySam,2025-12-04T08:04:18Z,https://www.youtube.com/watch?v=XN46o7kdzLc,0.0,Neutral
Digital Marketing Course Review by Pari | Ventureheap Academy #digitalmarketingcourse,Ventureheap Academy ,2025-12-04T08:00:06Z,https://www.youtube.com/watch?v=4qkdd1vZuDc,0.0,Neutral
How to Grow Your Online Presence | Digital Marketing Tips #jsrpvtltd #digitalmarketing #business,Jsr,2025-12-04T07:38:47Z,https://www.youtube.com/watch?v=tAn0KzXGf60,0.0,Neutral
Grow your business through Digital Marketing.,Gen-Z Digital marketing solution,2025-12-04T07:34:25Z,https://www.youtube.com/watch?v=-rADKs8T6HE,0.0,Neutral
Smart Digital Marketing for Double Results | Amazing Adds | Grow Your Business Faster,AMAZING ADDS ,2025-12-04T07:23:49Z,https://www.youtube.com/watch?v=b1oJrhMG_is,0.7579,Positive
ğ“ğ«ğšğ§ğ¬ğŸğ¨ğ«ğ¦ ğ²ğ¨ğ®ğ« ğŸğ®ğ­ğ®ğ«ğ ğ°ğ¢ğ­ğ¡ ğƒğ¢ğ ğ¢ğ­ğšğ¥ ğŒğšğ«ğ¤ğğ­ğ¢ğ§ğ  ğšğ­ ğƒğ¢ğ ğ¢ğ¥ğ¢ğ§ğ¤ğğ«ğ¬ ğ€ğœğšğğğ¦ğ² â€” ğ‹ğğšğ«ğ§ ğ­ğ¡ğ ğ¬ğ¤ğ¢ğ¥ğ¥ğ¬ ğ­ğ¡ğšğ­ ğ¦ğšğ­ğ­ğğ«!,Digilinkers Academy,2025-12-04T07:21:49Z,https://www.youtube.com/watch?v=El99wpPqpiA,0.0,Neutral
Want to learn digital marketing but donâ€™t know where to start?,HitechHub,2025-12-04T07:00:44Z,https://www.youtube.com/watch?v=i4CisVzxiiU,0.0387,Neutral
So many people still think digital marketing is a scam #digitalmarketing #makemoneyonline #income,khanya - digital marketing ,2025-12-04T06:46:49Z,https://www.youtube.com/watch?v=9WUVwjb-Hws,-0.5719,Negative
Kalian pusing mulai dimana #digitalmarketing #marketing #cuandigital,Kang gam,2025-12-04T06:38:49Z,https://www.youtube.com/watch?v=XY14XQm9zoo,0.0,Neutral
AI Powered Digital Marketing Class in Greater Noida | Fun Learning with Ashutosh Rana,DigiSchema,2025-12-04T06:33:37Z,https://www.youtube.com/watch?v=5bWzuXAYrHk,0.7003,Positive
Want to build a high-demand career in Digital Marketing?,Kbizsoft Solutions Pvt. Ltd.,2025-12-04T05:58:28Z,https://www.youtube.com/watch?v=V8kPxDA1WDA,0.0772,Positive
Free Full Advanced Digital Marketing Course in Telugu 2026 #digitalmarketingintelugu #seotelugu,Digital BVR Alpha Community,2025-12-04T05:23:55Z,https://www.youtube.com/watch?v=Am06sZDX5Zk,0.6486,Positive
Digital marketing             #funny #comedyfilms #viralvideo #comedymovies #duet #highlights,Ashadul funn mixed video,2025-12-04T05:17:36Z,https://www.youtube.com/watch?v=1pkiInIbroU,0.4404,Positive
"&quot;Boost Your Business with Expert Digital Marketing Services | SEO, Social Media, PPC &amp; More!&quot;",adrotechsolutions ,2025-12-04T04:50:15Z,https://www.youtube.com/watch?v=Vz1KHOE-LJE,0.0,Neutral
#digitalmarketing #affiliate Marketing #youtubeshorts à¤…à¤§à¤¿à¤• à¤®à¤¾à¤¹à¤¿à¤¤à¥€à¤¬à¤¦à¥à¤¦à¤² comment yes à¤•à¤°à¤¾,Pallavi Jachak,2025-12-04T04:14:36Z,https://www.youtube.com/watch?v=aA1AKt36jGw,0.4019,Positive
Highlight your brand experience through reels for digital marketing #socialmediamarketing,PIPO Brands,2025-12-04T04:06:49Z,https://www.youtube.com/watch?v=12mIKCKoGCA,0.34,Positive
Spot a Trustworthy Digital Marketing Agency,Vibe Digital Marketing,2025-12-04T02:42:30Z,https://www.youtube.com/watch?v=KIFC9Dtt6fM,0.5574,Positive
Digital marketing B.A. third semester ğŸ˜²ğŸ’¯ğŸ’¯ğŸ‘ğŸ‘ #bastudy,BATCHELOR OF ARTS ğŸ˜,2025-12-04T00:50:01Z,https://www.youtube.com/watch?v=1k_RwsJMdwI,0.3818,Positive
"My Why, My Reason Why I Started Digital Marketing  #marketingstrategy #digitalmom #homebusiness",DigitalMomEve,2025-12-04T00:23:37Z,https://www.youtube.com/watch?v=-Rmpbu0lVWo,0.0,Neutral
The FORBIDDEN Rule of Digital Marketing They DON&#39;T Want You To Know,MoneyMasters HQ,2025-12-04T00:23:17Z,https://www.youtube.com/watch?v=SWLU6DCjO_k,-0.4995,Negative
Como usar marketing digital para produtos fÃ­sicos,Erico Rocha,2025-12-03T22:00:44Z,https://www.youtube.com/watch?v=WQIrn3gDEJc,0.0,Neutral
Digital Marketing Course in Telugu - Call 7386603165,ODMT Telugu ( Digital Marketing Course in Telugu ),2025-12-03T20:10:03Z,https://www.youtube.com/watch?v=vIQtGbiI2AQ,0.0,Neutral
Î”ÎµÎ½ Î¥Ï€Î¬ÏÏ‡Î¿Ï…Î½ ÎšÎ±Î½ÏŒÎ½ÎµÏ‚ ÏƒÏ„Î¿ Digital Marketing,GRÃ˜WL Digital,2025-12-03T18:36:44Z,https://www.youtube.com/watch?v=yHNtPFytJ0U,0.0,Neutral
ğŸ’¥Digital Marketing GTU IMP 2025ğŸ”¥| Diploma IT Sem-3 ğŸ’¯| GTU IMP Most IMP Questions List +ğŸ“˜âœ¨#gtuimp2025,Gujarat Engineering Academy,2025-12-03T18:01:32Z,https://www.youtube.com/watch?v=S4vxvFyqsgQ,-0.34,Negative
VoilÃ  Maison â€” Boutique Digital Marketing for the Hospitality Sector,VoilÃ  Maison,2025-12-03T17:50:59Z,https://www.youtube.com/watch?v=ykQ-alD5GuU,0.0,Neutral
Boutique Digital Marketing for the Restaurant Sector,VoilÃ  Maison,2025-12-03T17:45:28Z,https://www.youtube.com/watch?v=UZdJvy13jpE,0.0,Neutral
How To Advertise Digital Marketing Master Resell Rights Digital Products Business Resell Rights,Simeon Tuitt,2025-12-03T17:13:08Z,https://www.youtube.com/watch?v=HpFUYnsFRg4,0.0,Neutral
Digital Marketing 101 (A Beginner&#39;s Guide To Marketing),Alex Cattoni,2025-12-03T17:01:43Z,https://www.youtube.com/watch?v=t-pCoBQP9BI,0.0,Neutral
3 Topics. 1 Creator. Letâ€™s Go! #youtubeshorts #digitalmarketing #WordPress,Mirza Abbas Ali Baig,2025-12-03T16:55:14Z,https://www.youtube.com/watch?v=TBJtljvlSao,0.0,Neutral
Marketing Day âœ¨ #motivation #digitalmarketing #digitalagency #amsardigital @amsardigital,Amsar Digital,2025-12-03T16:47:28Z,https://www.youtube.com/watch?v=EnQ7fQFvtbA,0.5719,Positive
Master Digital Marketing  Your Ultimate Skillset Guide #makemoneyfromhomeonline,Real Ken Foo,2025-12-03T16:01:46Z,https://www.youtube.com/watch?v=xEFyYZOGkDc,0.0,Neutral
à¤®à¥ˆà¤°à¤¾à¤¥à¤¨ğŸ”¥à¤¡à¤¿à¤œà¤¿à¤Ÿà¤² à¤®à¤¾à¤°à¥à¤•à¥‡à¤Ÿà¤¿à¤‚à¤— à¤•à¤‚à¤ªà¥à¤²à¥€à¤Ÿâœ…BA 3rd à¤¸à¥‡à¤®à¥‡à¤¸à¥à¤Ÿà¤° digital marketing ba/bsc/bcom 3rd semester marathon,AIM WITH SHIVAM- BA BSc BCom | Govt Exams,2025-12-03T15:49:50Z,https://www.youtube.com/watch?v=qgCcHhRnzsk,0.0,Neutral
Focus on your skill-digital marketing  For link-â€‹â  comment @DigiTalesbyPrachi  on Instagram#digital,DigiTales by Prachi,2025-12-03T15:43:24Z,https://www.youtube.com/watch?v=YZau0hFReMY,0.0,Neutral
Digital Marketing Pricing Ka Sabse Simple Formula!ğŸ˜‰,TrendBrandz,2025-12-03T15:40:25Z,https://www.youtube.com/watch?v=lRvx-a2-MQ0,0.0,Neutral
Why Digital Marketing is Important,EASELLI,2025-12-03T14:33:50Z,https://www.youtube.com/watch?v=L69u9TYGKHQ,0.2023,Positive
10 Digital Marketing Skills for 2025 That Will Make You Rich ğŸ’°ğŸ“ˆ,PK DigiProfit ,2025-12-03T14:30:29Z,https://www.youtube.com/watch?v=XvL2ZLbU5NM,0.5574,Positive
Digital Marketing Student Chandu Success story | Digital Brolly #shorts #ytshorts #studentJourney,Digital Brolly,2025-12-03T14:30:59Z,https://www.youtube.com/watch?v=pygLtYcT6HA,0.5719,Positive
4 Ñ„Ğ°ĞºÑ‚Ğ¾Ñ€Ğ° ÑƒÑĞ¿ĞµÑ…Ğ° Ñ…Ğ¾Ñ€Ğ¾ÑˆĞµĞ³Ğ¾ Ğ¼Ğ°Ñ€ĞºĞµÑ‚Ğ¾Ğ»Ğ¾Ğ³Ğ° #Ğ±Ğ¸Ğ·Ğ½ĞµÑ #Ğ¼Ğ°Ñ€ĞºĞµÑ‚Ğ¸Ğ½Ğ³  #digitalmarketing  #Ğ±Ğ¸Ğ·Ğ½ĞµÑĞ²ÑĞµÑ‚Ğ¸,Ğ’Ğ¸ĞºÑ‚Ğ¾Ñ€ Ğ‘ÑƒĞ»Ğ°Ğ½ĞµĞ½ĞºĞ¾,2025-12-03T14:18:37Z,https://www.youtube.com/watch?v=3uEDjzSo0RE,0.0,Neutral
Digital marketing full course 2026 | Class-07 | à¦¡à¦¿à¦œà¦¿à¦Ÿà¦¾à¦² à¦®à¦¾à¦°à§à¦•à§‡à¦Ÿà¦¿à¦‚ à¦«à§à¦² à¦•à§‹à¦°à§à¦¸ à§¨à§¦à§¨à§¬ | Skillup Institute,Skillup Institute,2025-12-03T14:00:01Z,https://www.youtube.com/watch?v=WW1a4G3a8Jg,0.0,Neutral
Boost Your Online Presence with Smart Digital Marketing Strategies | Numrex,Numrex,2025-12-03T14:00:12Z,https://www.youtube.com/watch?v=5dwH5hCIAoc,0.6597,Positive
MARKETING Y COMUNICACIÃ“N DIGITAL | UNAC,Canal UNAC,2025-12-03T13:53:17Z,https://www.youtube.com/watch?v=KqvnWmoF1bQ,0.0,Neutral
Grow your business with Digital marketing services,Digital service ,2025-12-03T13:15:43Z,https://www.youtube.com/watch?v=n2rYmSDTE3Y,0.0,Neutral
How AI Elevates Search Teams &amp; Demands New KPIs  #aeo #digitalmarketing #contentmarketing,Conductor,2025-12-03T13:01:23Z,https://www.youtube.com/watch?v=Zm_rXjMz1BQ,0.0,Neutral
Best laptop for digital marketing workğŸ’¥ğŸ”¥ #laptop #sell #hp #ytshorts,AH BD VLOGS,2025-12-03T13:01:13Z,https://www.youtube.com/watch?v=Vsv3yWM-Fnw,0.0772,Positive
Learn about Digital Marketing,Gyani Brothers,2025-12-03T12:59:00Z,https://www.youtube.com/watch?v=P0DM3wtEZ8U,0.0,Neutral
Vise Interiors | Pandssa Web Media | Digital Marketing Agency in Chennai,Pandssa Ads,2025-12-03T12:53:55Z,https://www.youtube.com/watch?v=QdG-47VXXyM,0.0,Neutral
Digital Marketing walo ka Trend ğŸ˜‚ğŸ˜‚ #digitalmarketing #seo #trendingshort,Digital_Growth,2025-12-03T12:53:25Z,https://www.youtube.com/watch?v=EI8KiHvAxF4,0.7003,Positive
Digital Marketing kya hai? 1 Min mein samjho ğŸš€ #DigitalMarketing #Shorts,DTE Aniket,2025-12-03T12:31:27Z,https://www.youtube.com/watch?v=twGkJiecZG4,0.0,Neutral
Meta Ads ki kanaba impotence of Meta Ads#metaads#digitalmarketing#marketing#manipur#skills,R. Khamma Maring,2025-12-03T12:00:38Z,https://www.youtube.com/watch?v=_6Etct5cMzM,0.0,Neutral
à¦¬à§‡à¦•à¦¾à¦°à¦¤à§à¦¬ à¦¥à§‡à¦•à§‡ à¦®à§à¦•à§à¦¤à¦¿à¦° à¦¸à§‡à¦°à¦¾ à¦‰à¦ªà¦¾à§Ÿ ğŸš€ Digital Marketing A-Z #degitalmarketing  #shorts,NUR VAI OFFICIAL ,2025-12-03T11:47:44Z,https://www.youtube.com/watch?v=DFLydv0P6pg,0.0,Neutral
Digital marketing isn&#39;t just about posting content  #digitalmarketing #digitalmarketingagency#shorts,Marketify Hub,2025-12-03T11:30:54Z,https://www.youtube.com/watch?v=Ls8BcfjhU-4,0.0,Neutral
Nigeria Online Digital Marketing Forums Free Business Advertising Websites is 7hubent Tech #7hubent,7HUBENT TECH ,2025-12-03T10:47:10Z,https://www.youtube.com/watch?v=EzNM1g5lkQg,0.5106,Positive
Free Full Advanced Digital Marketing Course in Telugu 2026 #digitalmarketingintelugu #seotelugu,Digital BVR Alpha Community,2025-12-03T10:24:53Z,https://www.youtube.com/watch?v=GZONOTPF4Kg,0.6486,Positive
ğŸ”¥Meesho Flipkart &amp; Amazon Best Selling Products 2025 | Low Investment High Profit Products,Madan alls,2025-12-03T10:08:58Z,https://www.youtube.com/watch?v=HpJoDvmTg90,0.7717,Positive
I make ai creatives for ï¿¼ digital marketing #marketing #digitalmarketing ï¿¼,ĞšĞ¸Ñ€Ğ¸Ğ»Ğ» Ğ—Ğ¸Ğ¼Ğ¾Ğ½Ğ¸Ğ½ ,2025-12-03T09:54:13Z,https://www.youtube.com/watch?v=SqFKS5LBIZQ,0.0,Neutral
1 Reel cost? | Markpati Digital marketing Agency in Patna - 8084138833,Rajesh Prajapati,2025-12-03T09:16:36Z,https://www.youtube.com/watch?v=zto8msvDyGA,0.0,Neutral
Nigeria online Free Business Advertising Website for Digital Marketing Forums #7hubent #shorts,7HUBENT TECH ,2025-12-03T09:12:57Z,https://www.youtube.com/watch?v=feVSSpW2YMU,0.5106,Positive
What Digital Marketing Really Does in 2025 (Simple Explanation!),Abdullah Zahid,2025-12-03T08:42:07Z,https://www.youtube.com/watch?v=HsDCWDsdamk,0.0,Neutral
Dijital Pazarlama ve Yapay Zeka: MarkalarÄ±n AjandasÄ± | Webrazzi Summit 2025,Webrazzi,2025-12-03T08:28:01Z,https://www.youtube.com/watch?v=DU5J9e69PbI,0.0,Neutral
Digital Marketing Course Review by Yasir | Ventureheap Academy #digitalmarketingcourse,Ventureheap Academy ,2025-12-03T08:15:06Z,https://www.youtube.com/watch?v=g9m7Oo1lQGE,0.0,Neutral
à´¨à´¿à´™àµà´™à´³àµà´Ÿàµ† à´¬à´¿à´¸à´¿à´¨à´¸àµà´¸à´¿àµ½ Sales à´•àµ‚à´Ÿàµà´¨àµà´¨à´¿à´²àµà´²àµ‡? | How to Get Quality Leads? | Digital Marketing Malayalam,Rahul cu,2025-12-03T08:10:27Z,https://www.youtube.com/watch?v=675794d-DVI,0.0,Neutral
How Digital Marketing Helps Build Powerful Online Brands | Numrex,Numrex,2025-12-03T08:01:12Z,https://www.youtube.com/watch?v=oy7zoBg-jn0,0.6597,Positive
Wanna know about Digital Marketing?,Cognify Media,2025-12-03T07:56:39Z,https://www.youtube.com/watch?v=rAre5Kc4s28,0.0,Neutral
Here Celebrating another Digital Marketing success story!,Transorze,2025-12-03T06:30:24Z,https://www.youtube.com/watch?v=k5S4ExW0z5g,0.8268,Positive
Digital Marketing Specialist to join Royal Medical Group | #KuwaitJobsNews,Kuwait Jobs News,2025-12-03T05:05:07Z,https://www.youtube.com/watch?v=G5N_BcOCUU8,0.296,Positive
Start making money online today with the  digital marketing system I found,Wendy Robinson | How to Travel & Make Money,2025-12-03T04:44:24Z,https://www.youtube.com/watch?v=93SvtYLHRPI,0.0,Neutral
"Velocity Education - Real Stories, Real Success - Carmela, Digital Marketing Student (MELBOURNE)",Velocity Education,2025-12-03T02:58:26Z,https://www.youtube.com/watch?v=UhIIq5rIQdQ,0.5719,Positive
Digital Marketing Secrets: From Startup to Faith #shorts,Cross Talk,2025-12-03T01:04:45Z,https://www.youtube.com/watch?v=CbxLq79XS0o,0.4215,Positive
How To Advertise Digital Marketing Master Resell Rights Digital Products Business Resell Rights,Simeon Tuitt,2025-12-02T22:16:19Z,https://www.youtube.com/watch?v=KCqAQr2PsZ4,0.0,Neutral
How To Advertise Digital Marketing Master Resell Rights Digital Products Business Resell Rights,Simeon Tuitt,2025-12-02T20:39:27Z,https://www.youtube.com/watch?v=MLpAkaheFEc,0.0,Neutral
How To Advertise Digital Marketing Master Resell Rights Digital Products Business Resell Rights,Simeon Tuitt,2025-12-02T20:35:24Z,https://www.youtube.com/watch?v=H_Q1vsQ0840,0.0,Neutral
Digital marketing things nobody knows,Edward Sturm,2025-12-02T20:34:22Z,https://www.youtube.com/watch?v=G2ui7gG7s4Q,0.0,Neutral
How To Advertise Digital Marketing Master Resell Rights Digital Products Business Resell Rights,Simeon Tuitt,2025-12-02T20:34:50Z,https://www.youtube.com/watch?v=hwrCIzAiy6c,0.0,Neutral
Where is the clarity ? || Hypnotic Digital Marketing|| Shalu P Ram,Dr Vibin Raj Kuttivara Hypnotic Digital Marketing ,2025-12-02T18:06:28Z,https://www.youtube.com/watch?v=HAGmZuZ87Cg,0.4019,Positive
How To Advertise Digital Marketing Master Resell Rights Digital Products Business Resell Rights,Simeon Tuitt,2025-12-02T17:57:52Z,https://www.youtube.com/watch?v=VJLMZ6ZtfqI,0.0,Neutral
How To Advertise Digital Marketing Master Resell Rights Digital Products Business Resell Rights,Simeon Tuitt,2025-12-02T17:57:07Z,https://www.youtube.com/watch?v=_64KiTOeiJA,0.0,Neutral
